Student,Subject,Date,Status
A101,Math,2025-09-01,Present
A101,Math,2025-09-02,Present
A101,Math,2025-09-03,Absent
A101,Math,2025-09-04,Present
A101,Math,2025-09-05,Absent
A101,Math,2025-09-06,Absent
A101,Math,2025-09-07,Absent
A101,Math,2025-09-08,Present
A101,Math,2025-09-09,Absent
A101,Math,2025-09-10,Present
A101,OS,2025-09-01,Absent
A101,OS,2025-09-02,Absent
A101,OS,2025-09-03,Absent
A101,OS,2025-09-04,Present
A101,OS,2025-09-05,Present
A101,OS,2025-09-06,Present
A101,OS,2025-09-07,Present
A101,OS,2025-09-08,Present
A101,OS,2025-09-09,Absent
A101,OS,2025-09-10,Absent
A101,DBMS,2025-09-01,Present
A101,DBMS,2025-09-02,Present
A101,DBMS,2025-09-03,Present
A101,DBMS,2025-09-04,Absent
A101,DBMS,2025-09-05,Present
A101,DBMS,2025-09-06,Present
A101,DBMS,2025-09-07,Absent
A101,DBMS,2025-09-08,Absent
A101,DBMS,2025-09-09,Absent
A101,DBMS,2025-09-10,Absent
A102,Math,2025-09-01,Absent
A102,Math,2025-09-02,Present
A102,Math,2025-09-03,Present
A102,Math,2025-09-04,Absent
A102,Math,2025-09-05,Present
A102,Math,2025-09-06,Absent
A102,Math,2025-09-07,Present
A102,Math,2025-09-08,Present
A102,Math,2025-09-09,Absent
A102,Math,2025-09-10,Present
A102,OS,2025-09-01,Absent
A102,OS,2025-09-02,Present
A102,OS,2025-09-03,Present
A102,OS,2025-09-04,Present
A102,OS,2025-09-05,Absent
A102,OS,2025-09-06,Present
A102,OS,2025-09-07,Present
A102,OS,2025-09-08,Present
A102,OS,2025-09-09,Present
A102,OS,2025-09-10,Present
A102,DBMS,2025-09-01,Absent
A102,DBMS,2025-09-02,Absent
A102,DBMS,2025-09-03,Present
A102,DBMS,2025-09-04,Absent
A102,DBMS,2025-09-05,Present
A102,DBMS,2025-09-06,Absent
A102,DBMS,2025-09-07,Absent
A102,DBMS,2025-09-08,Present
A102,DBMS,2025-09-09,Present
A102,DBMS,2025-09-10,Present
A103,Math,2025-09-01,Present
A103,Math,2025-09-02,Absent
A103,Math,2025-09-03,Present
A103,Math,2025-09-04,Absent
A103,Math,2025-09-05,Absent
A103,Math,2025-09-06,Absent
A103,Math,2025-09-07,Present
A103,Math,2025-09-08,Absent
A103,Math,2025-09-09,Absent
A103,Math,2025-09-10,Present
A103,OS,2025-09-01,Absent
A103,OS,2025-09-02,Present
A103,OS,2025-09-03,Absent
A103,OS,2025-09-04,Absent
A103,OS,2025-09-05,Absent
A103,OS,2025-09-06,Present
A103,OS,2025-09-07,Absent
A103,OS,2025-09-08,Absent
A103,OS,2025-09-09,Absent
A103,OS,2025-09-10,Absent
A103,DBMS,2025-09-01,Absent
A103,DBMS,2025-09-02,Present
A103,DBMS,2025-09-03,Absent
A103,DBMS,2025-09-04,Absent
A103,DBMS,2025-09-05,Present
A103,DBMS,2025-09-06,Absent
A103,DBMS,2025-09-07,Present
A103,DBMS,2025-09-08,Present
A103,DBMS,2025-09-09,Present
A103,DBMS,2025-09-10,Present
A104,Math,2025-09-01,Present
A104,Math,2025-09-02,Absent
A104,Math,2025-09-03,Present
A104,Math,2025-09-04,Absent
A104,Math,2025-09-05,Absent
A104,Math,2025-09-06,Absent
A104,Math,2025-09-07,Absent
A104,Math,2025-09-08,Absent
A104,Math,2025-09-09,Absent
A104,Math,2025-09-10,Absent
A104,OS,2025-09-01,Absent
A104,OS,2025-09-02,Present
A104,OS,2025-09-03,Present
A104,OS,2025-09-04,Present
A104,OS,2025-09-05,Present
A104,OS,2025-09-06,Absent
A104,OS,2025-09-07,Absent
A104,OS,2025-09-08,Absent
A104,OS,2025-09-09,Present
A104,OS,2025-09-10,Present
A104,DBMS,2025-09-01,Absent
A104,DBMS,2025-09-02,Absent
A104,DBMS,2025-09-03,Present
A104,DBMS,2025-09-04,Absent
A104,DBMS,2025-09-05,Absent
A104,DBMS,2025-09-06,Present
A104,DBMS,2025-09-07,Present
A104,DBMS,2025-09-08,Absent
A104,DBMS,2025-09-09,Absent
A104,DBMS,2025-09-10,Present
A105,Math,2025-09-01,Absent
A105,Math,2025-09-02,Present
A105,Math,2025-09-03,Absent
A105,Math,2025-09-04,Absent
A105,Math,2025-09-05,Present
A105,Math,2025-09-06,Absent
A105,Math,2025-09-07,Absent
A105,Math,2025-09-08,Present
A105,Math,2025-09-09,Absent
A105,Math,2025-09-10,Present
A105,OS,2025-09-01,Present
A105,OS,2025-09-02,Present
A105,OS,2025-09-03,Absent
A105,OS,2025-09-04,Present
A105,OS,2025-09-05,Absent
A105,OS,2025-09-06,Present
A105,OS,2025-09-07,Absent
A105,OS,2025-09-08,Absent
A105,OS,2025-09-09,Present
A105,OS,2025-09-10,Absent
A105,DBMS,2025-09-01,Present
A105,DBMS,2025-09-02,Absent
A105,DBMS,2025-09-03,Absent
A105,DBMS,2025-09-04,Present
A105,DBMS,2025-09-05,Present
A105,DBMS,2025-09-06,Absent
A105,DBMS,2025-09-07,Present
A105,DBMS,2025-09-08,Present
A105,DBMS,2025-09-09,Absent
A105,DBMS,2025-09-10,Present
A106,Math,2025-09-01,Absent
A106,Math,2025-09-02,Present
A106,Math,2025-09-03,Present
A106,Math,2025-09-04,Absent
A106,Math,2025-09-05,Present
A106,Math,2025-09-06,Present
A106,Math,2025-09-07,Present
A106,Math,2025-09-08,Absent
A106,Math,2025-09-09,Present
A106,Math,2025-09-10,Absent
A106,OS,2025-09-01,Present
A106,OS,2025-09-02,Absent
A106,OS,2025-09-03,Absent
A106,OS,2025-09-04,Absent
A106,OS,2025-09-05,Present
A106,OS,2025-09-06,Present
A106,OS,2025-09-07,Present
A106,OS,2025-09-08,Present
A106,OS,2025-09-09,Present
A106,OS,2025-09-10,Absent
A106,DBMS,2025-09-01,Present
A106,DBMS,2025-09-02,Present
A106,DBMS,2025-09-03,Present
A106,DBMS,2025-09-04,Absent
A106,DBMS,2025-09-05,Absent
A106,DBMS,2025-09-06,Present
A106,DBMS,2025-09-07,Present
A106,DBMS,2025-09-08,Present
A106,DBMS,2025-09-09,Absent
A106,DBMS,2025-09-10,Absent
A107,Math,2025-09-01,Present
A107,Math,2025-09-02,Absent
A107,Math,2025-09-03,Absent
A107,Math,2025-09-04,Present
A107,Math,2025-09-05,Present
A107,Math,2025-09-06,Present
A107,Math,2025-09-07,Present
A107,Math,2025-09-08,Absent
A107,Math,2025-09-09,Present
A107,Math,2025-09-10,Present
A107,OS,2025-09-01,Present
A107,OS,2025-09-02,Absent
A107,OS,2025-09-03,Present
A107,OS,2025-09-04,Absent
A107,OS,2025-09-05,Absent
A107,OS,2025-09-06,Present
A107,OS,2025-09-07,Absent
A107,OS,2025-09-08,Absent
A107,OS,2025-09-09,Present
A107,OS,2025-09-10,Absent
A107,DBMS,2025-09-01,Present
A107,DBMS,2025-09-02,Absent
A107,DBMS,2025-09-03,Present
A107,DBMS,2025-09-04,Absent
A107,DBMS,2025-09-05,Absent
A107,DBMS,2025-09-06,Present
A107,DBMS,2025-09-07,Absent
A107,DBMS,2025-09-08,Present
A107,DBMS,2025-09-09,Present
A107,DBMS,2025-09-10,Present
A108,Math,2025-09-01,Absent
A108,Math,2025-09-02,Absent
A108,Math,2025-09-03,Absent
A108,Math,2025-09-04,Absent
A108,Math,2025-09-05,Present
A108,Math,2025-09-06,Absent
A108,Math,2025-09-07,Absent
A108,Math,2025-09-08,Absent
A108,Math,2025-09-09,Absent
A108,Math,2025-09-10,Present
A108,OS,2025-09-01,Absent
A108,OS,2025-09-02,Present
A108,OS,2025-09-03,Absent
A108,OS,2025-09-04,Absent
A108,OS,2025-09-05,Present
A108,OS,2025-09-06,Absent
A108,OS,2025-09-07,Present
A108,OS,2025-09-08,Absent
A108,OS,2025-09-09,Absent
A108,OS,2025-09-10,Present
A108,DBMS,2025-09-01,Present
A108,DBMS,2025-09-02,Present
A108,DBMS,2025-09-03,Absent
A108,DBMS,2025-09-04,Present
A108,DBMS,2025-09-05,Present
A108,DBMS,2025-09-06,Present
A108,DBMS,2025-09-07,Absent
A108,DBMS,2025-09-08,Present
A108,DBMS,2025-09-09,Present
A108,DBMS,2025-09-10,Absent
A109,Math,2025-09-01,Present
A109,Math,2025-09-02,Present
A109,Math,2025-09-03,Absent
A109,Math,2025-09-04,Present
A109,Math,2025-09-05,Absent
A109,Math,2025-09-06,Present
A109,Math,2025-09-07,Absent
A109,Math,2025-09-08,Absent
A109,Math,2025-09-09,Absent
A109,Math,2025-09-10,Present
A109,OS,2025-09-01,Absent
A109,OS,2025-09-02,Absent
A109,OS,2025-09-03,Present
A109,OS,2025-09-04,Absent
A109,OS,2025-09-05,Absent
A109,OS,2025-09-06,Present
A109,OS,2025-09-07,Absent
A109,OS,2025-09-08,Present
A109,OS,2025-09-09,Present
A109,OS,2025-09-10,Absent
A109,DBMS,2025-09-01,Present
A109,DBMS,2025-09-02,Present
A109,DBMS,2025-09-03,Present
A109,DBMS,2025-09-04,Present
A109,DBMS,2025-09-05,Present
A109,DBMS,2025-09-06,Absent
A109,DBMS,2025-09-07,Present
A109,DBMS,2025-09-08,Present
A109,DBMS,2025-09-09,Present
A109,DBMS,2025-09-10,Present
A110,Math,2025-09-01,Present
A110,Math,2025-09-02,Present
A110,Math,2025-09-03,Present
A110,Math,2025-09-04,Present
A110,Math,2025-09-05,Present
A110,Math,2025-09-06,Present
A110,Math,2025-09-07,Present
A110,Math,2025-09-08,Absent
A110,Math,2025-09-09,Present
A110,Math,2025-09-10,Absent
A110,OS,2025-09-01,Present
A110,OS,2025-09-02,Present
A110,OS,2025-09-03,Present
A110,OS,2025-09-04,Present
A110,OS,2025-09-05,Absent
A110,OS,2025-09-06,Absent
A110,OS,2025-09-07,Present
A110,OS,2025-09-08,Absent
A110,OS,2025-09-09,Absent
A110,OS,2025-09-10,Present
A110,DBMS,2025-09-01,Present
A110,DBMS,2025-09-02,Present
A110,DBMS,2025-09-03,Present
A110,DBMS,2025-09-04,Absent
A110,DBMS,2025-09-05,Present
A110,DBMS,2025-09-06,Absent
A110,DBMS,2025-09-07,Absent
A110,DBMS,2025-09-08,Absent
A110,DBMS,2025-09-09,Absent
A110,DBMS,2025-09-10,Present
A111,Math,2025-09-01,Absent
A111,Math,2025-09-02,Present
A111,Math,2025-09-03,Absent
A111,Math,2025-09-04,Absent
A111,Math,2025-09-05,Absent
A111,Math,2025-09-06,Absent
A111,Math,2025-09-07,Present
A111,Math,2025-09-08,Absent
A111,Math,2025-09-09,Present
A111,Math,2025-09-10,Absent
A111,OS,2025-09-01,Present
A111,OS,2025-09-02,Present
A111,OS,2025-09-03,Present
A111,OS,2025-09-04,Absent
A111,OS,2025-09-05,Absent
A111,OS,2025-09-06,Present
A111,OS,2025-09-07,Present
A111,OS,2025-09-08,Absent
A111,OS,2025-09-09,Absent
A111,OS,2025-09-10,Absent
A111,DBMS,2025-09-01,Present
A111,DBMS,2025-09-02,Absent
A111,DBMS,2025-09-03,Absent
A111,DBMS,2025-09-04,Present
A111,DBMS,2025-09-05,Absent
A111,DBMS,2025-09-06,Present
A111,DBMS,2025-09-07,Absent
A111,DBMS,2025-09-08,Present
A111,DBMS,2025-09-09,Present
A111,DBMS,2025-09-10,Absent
A112,Math,2025-09-01,Present
A112,Math,2025-09-02,Present
A112,Math,2025-09-03,Absent
A112,Math,2025-09-04,Absent
A112,Math,2025-09-05,Present
A112,Math,2025-09-06,Present
A112,Math,2025-09-07,Absent
A112,Math,2025-09-08,Present
A112,Math,2025-09-09,Absent
A112,Math,2025-09-10,Absent
A112,OS,2025-09-01,Present
A112,OS,2025-09-02,Present
A112,OS,2025-09-03,Present
A112,OS,2025-09-04,Absent
A112,OS,2025-09-05,Present
A112,OS,2025-09-06,Present
A112,OS,2025-09-07,Present
A112,OS,2025-09-08,Absent
A112,OS,2025-09-09,Present
A112,OS,2025-09-10,Absent
A112,DBMS,2025-09-01,Absent
A112,DBMS,2025-09-02,Present
A112,DBMS,2025-09-03,Present
A112,DBMS,2025-09-04,Present
A112,DBMS,2025-09-05,Absent
A112,DBMS,2025-09-06,Present
A112,DBMS,2025-09-07,Absent
A112,DBMS,2025-09-08,Present
A112,DBMS,2025-09-09,Absent
A112,DBMS,2025-09-10,Present
A113,Math,2025-09-01,Present
A113,Math,2025-09-02,Present
A113,Math,2025-09-03,Present
A113,Math,2025-09-04,Absent
A113,Math,2025-09-05,Present
A113,Math,2025-09-06,Absent
A113,Math,2025-09-07,Present
A113,Math,2025-09-08,Absent
A113,Math,2025-09-09,Present
A113,Math,2025-09-10,Present
A113,OS,2025-09-01,Present
A113,OS,2025-09-02,Present
A113,OS,2025-09-03,Absent
A113,OS,2025-09-04,Present
A113,OS,2025-09-05,Present
A113,OS,2025-09-06,Present
A113,OS,2025-09-07,Absent
A113,OS,2025-09-08,Present
A113,OS,2025-09-09,Present
A113,OS,2025-09-10,Present
A113,DBMS,2025-09-01,Absent
A113,DBMS,2025-09-02,Absent
A113,DBMS,2025-09-03,Present
A113,DBMS,2025-09-04,Absent
A113,DBMS,2025-09-05,Present
A113,DBMS,2025-09-06,Present
A113,DBMS,2025-09-07,Absent
A113,DBMS,2025-09-08,Present
A113,DBMS,2025-09-09,Present
A113,DBMS,2025-09-10,Absent
A114,Math,2025-09-01,Absent
A114,Math,2025-09-02,Absent
A114,Math,2025-09-03,Absent
A114,Math,2025-09-04,Absent
A114,Math,2025-09-05,Present
A114,Math,2025-09-06,Present
A114,Math,2025-09-07,Present
A114,Math,2025-09-08,Present
A114,Math,2025-09-09,Present
A114,Math,2025-09-10,Absent
A114,OS,2025-09-01,Present
A114,OS,2025-09-02,Present
A114,OS,2025-09-03,Absent
A114,OS,2025-09-04,Absent
A114,OS,2025-09-05,Present
A114,OS,2025-09-06,Present
A114,OS,2025-09-07,Present
A114,OS,2025-09-08,Present
A114,OS,2025-09-09,Present
A114,OS,2025-09-10,Present
A114,DBMS,2025-09-01,Absent
A114,DBMS,2025-09-02,Absent
A114,DBMS,2025-09-03,Present
A114,DBMS,2025-09-04,Present
A114,DBMS,2025-09-05,Present
A114,DBMS,2025-09-06,Present
A114,DBMS,2025-09-07,Absent
A114,DBMS,2025-09-08,Present
A114,DBMS,2025-09-09,Present
A114,DBMS,2025-09-10,Absent
A115,Math,2025-09-01,Present
A115,Math,2025-09-02,Present
A115,Math,2025-09-03,Present
A115,Math,2025-09-04,Absent
A115,Math,2025-09-05,Present
A115,Math,2025-09-06,Present
A115,Math,2025-09-07,Present
A115,Math,2025-09-08,Absent
A115,Math,2025-09-09,Present
A115,Math,2025-09-10,Absent
A115,OS,2025-09-01,Absent
A115,OS,2025-09-02,Absent
A115,OS,2025-09-03,Present
A115,OS,2025-09-04,Present
A115,OS,2025-09-05,Present
A115,OS,2025-09-06,Absent
A115,OS,2025-09-07,Absent
A115,OS,2025-09-08,Absent
A115,OS,2025-09-09,Present
A115,OS,2025-09-10,Absent
A115,DBMS,2025-09-01,Present
A115,DBMS,2025-09-02,Present
A115,DBMS,2025-09-03,Present
A115,DBMS,2025-09-04,Absent
A115,DBMS,2025-09-05,Present
A115,DBMS,2025-09-06,Absent
A115,DBMS,2025-09-07,Absent
A115,DBMS,2025-09-08,Present
A115,DBMS,2025-09-09,Present
A115,DBMS,2025-09-10,Present
A116,Math,2025-09-01,Absent
A116,Math,2025-09-02,Absent
A116,Math,2025-09-03,Absent
A116,Math,2025-09-04,Present
A116,Math,2025-09-05,Present
A116,Math,2025-09-06,Present
A116,Math,2025-09-07,Absent
A116,Math,2025-09-08,Absent
A116,Math,2025-09-09,Absent
A116,Math,2025-09-10,Absent
A116,OS,2025-09-01,Absent
A116,OS,2025-09-02,Absent
A116,OS,2025-09-03,Absent
A116,OS,2025-09-04,Absent
A116,OS,2025-09-05,Absent
A116,OS,2025-09-06,Present
A116,OS,2025-09-07,Absent
A116,OS,2025-09-08,Absent
A116,OS,2025-09-09,Absent
A116,OS,2025-09-10,Present
A116,DBMS,2025-09-01,Present
A116,DBMS,2025-09-02,Present
A116,DBMS,2025-09-03,Absent
A116,DBMS,2025-09-04,Absent
A116,DBMS,2025-09-05,Present
A116,DBMS,2025-09-06,Present
A116,DBMS,2025-09-07,Present
A116,DBMS,2025-09-08,Present
A116,DBMS,2025-09-09,Absent
A116,DBMS,2025-09-10,Present
A117,Math,2025-09-01,Absent
A117,Math,2025-09-02,Absent
A117,Math,2025-09-03,Present
A117,Math,2025-09-04,Present
A117,Math,2025-09-05,Present
A117,Math,2025-09-06,Absent
A117,Math,2025-09-07,Absent
A117,Math,2025-09-08,Present
A117,Math,2025-09-09,Present
A117,Math,2025-09-10,Present
A117,OS,2025-09-01,Present
A117,OS,2025-09-02,Present
A117,OS,2025-09-03,Absent
A117,OS,2025-09-04,Present
A117,OS,2025-09-05,Absent
A117,OS,2025-09-06,Absent
A117,OS,2025-09-07,Present
A117,OS,2025-09-08,Present
A117,OS,2025-09-09,Present
A117,OS,2025-09-10,Absent
A117,DBMS,2025-09-01,Present
A117,DBMS,2025-09-02,Absent
A117,DBMS,2025-09-03,Absent
A117,DBMS,2025-09-04,Present
A117,DBMS,2025-09-05,Absent
A117,DBMS,2025-09-06,Absent
A117,DBMS,2025-09-07,Absent
A117,DBMS,2025-09-08,Absent
A117,DBMS,2025-09-09,Absent
A117,DBMS,2025-09-10,Absent
A118,Math,2025-09-01,Present
A118,Math,2025-09-02,Present
A118,Math,2025-09-03,Present
A118,Math,2025-09-04,Absent
A118,Math,2025-09-05,Absent
A118,Math,2025-09-06,Present
A118,Math,2025-09-07,Present
A118,Math,2025-09-08,Present
A118,Math,2025-09-09,Present
A118,Math,2025-09-10,Absent
A118,OS,2025-09-01,Present
A118,OS,2025-09-02,Present
A118,OS,2025-09-03,Present
A118,OS,2025-09-04,Present
A118,OS,2025-09-05,Present
A118,OS,2025-09-06,Present
A118,OS,2025-09-07,Present
A118,OS,2025-09-08,Present
A118,OS,2025-09-09,Absent
A118,OS,2025-09-10,Present
A118,DBMS,2025-09-01,Present
A118,DBMS,2025-09-02,Absent
A118,DBMS,2025-09-03,Absent
A118,DBMS,2025-09-04,Absent
A118,DBMS,2025-09-05,Present
A118,DBMS,2025-09-06,Present
A118,DBMS,2025-09-07,Absent
A118,DBMS,2025-09-08,Present
A118,DBMS,2025-09-09,Absent
A118,DBMS,2025-09-10,Present
A119,Math,2025-09-01,Present
A119,Math,2025-09-02,Present
A119,Math,2025-09-03,Present
A119,Math,2025-09-04,Present
A119,Math,2025-09-05,Absent
A119,Math,2025-09-06,Absent
A119,Math,2025-09-07,Absent
A119,Math,2025-09-08,Absent
A119,Math,2025-09-09,Absent
A119,Math,2025-09-10,Absent
A119,OS,2025-09-01,Present
A119,OS,2025-09-02,Present
A119,OS,2025-09-03,Present
A119,OS,2025-09-04,Present
A119,OS,2025-09-05,Present
A119,OS,2025-09-06,Absent
A119,OS,2025-09-07,Present
A119,OS,2025-09-08,Absent
A119,OS,2025-09-09,Present
A119,OS,2025-09-10,Absent
A119,DBMS,2025-09-01,Present
A119,DBMS,2025-09-02,Absent
A119,DBMS,2025-09-03,Absent
A119,DBMS,2025-09-04,Absent
A119,DBMS,2025-09-05,Absent
A119,DBMS,2025-09-06,Absent
A119,DBMS,2025-09-07,Present
A119,DBMS,2025-09-08,Absent
A119,DBMS,2025-09-09,Absent
A119,DBMS,2025-09-10,Present
A120,Math,2025-09-01,Present
A120,Math,2025-09-02,Absent
A120,Math,2025-09-03,Present
A120,Math,2025-09-04,Present
A120,Math,2025-09-05,Present
A120,Math,2025-09-06,Present
A120,Math,2025-09-07,Present
A120,Math,2025-09-08,Present
A120,Math,2025-09-09,Absent
A120,Math,2025-09-10,Present
A120,OS,2025-09-01,Present
A120,OS,2025-09-02,Absent
A120,OS,2025-09-03,Present
A120,OS,2025-09-04,Present
A120,OS,2025-09-05,Present
A120,OS,2025-09-06,Present
A120,OS,2025-09-07,Absent
A120,OS,2025-09-08,Present
A120,OS,2025-09-09,Absent
A120,OS,2025-09-10,Absent
A120,DBMS,2025-09-01,Present
A120,DBMS,2025-09-02,Present
A120,DBMS,2025-09-03,Absent
A120,DBMS,2025-09-04,Absent
A120,DBMS,2025-09-05,Absent
A120,DBMS,2025-09-06,Absent
A120,DBMS,2025-09-07,Absent
A120,DBMS,2025-09-08,Absent
A120,DBMS,2025-09-09,Present
A120,DBMS,2025-09-10,Present
A121,Math,2025-09-01,Present
A121,Math,2025-09-02,Absent
A121,Math,2025-09-03,Present
A121,Math,2025-09-04,Present
A121,Math,2025-09-05,Present
A121,Math,2025-09-06,Present
A121,Math,2025-09-07,Absent
A121,Math,2025-09-08,Absent
A121,Math,2025-09-09,Present
A121,Math,2025-09-10,Present
A121,OS,2025-09-01,Absent
A121,OS,2025-09-02,Absent
A121,OS,2025-09-03,Present
A121,OS,2025-09-04,Absent
A121,OS,2025-09-05,Present
A121,OS,2025-09-06,Present
A121,OS,2025-09-07,Absent
A121,OS,2025-09-08,Absent
A121,OS,2025-09-09,Absent
A121,OS,2025-09-10,Present
A121,DBMS,2025-09-01,Absent
A121,DBMS,2025-09-02,Present
A121,DBMS,2025-09-03,Present
A121,DBMS,2025-09-04,Absent
A121,DBMS,2025-09-05,Present
A121,DBMS,2025-09-06,Present
A121,DBMS,2025-09-07,Absent
A121,DBMS,2025-09-08,Absent
A121,DBMS,2025-09-09,Present
A121,DBMS,2025-09-10,Present
A122,Math,2025-09-01,Absent
A122,Math,2025-09-02,Present
A122,Math,2025-09-03,Present
A122,Math,2025-09-04,Absent
A122,Math,2025-09-05,Present
A122,Math,2025-09-06,Absent
A122,Math,2025-09-07,Present
A122,Math,2025-09-08,Absent
A122,Math,2025-09-09,Present
A122,Math,2025-09-10,Present
A122,OS,2025-09-01,Absent
A122,OS,2025-09-02,Absent
A122,OS,2025-09-03,Present
A122,OS,2025-09-04,Absent
A122,OS,2025-09-05,Absent
A122,OS,2025-09-06,Absent
A122,OS,2025-09-07,Absent
A122,OS,2025-09-08,Absent
A122,OS,2025-09-09,Present
A122,OS,2025-09-10,Present
A122,DBMS,2025-09-01,Absent
A122,DBMS,2025-09-02,Present
A122,DBMS,2025-09-03,Absent
A122,DBMS,2025-09-04,Absent
A122,DBMS,2025-09-05,Present
A122,DBMS,2025-09-06,Absent
A122,DBMS,2025-09-07,Present
A122,DBMS,2025-09-08,Present
A122,DBMS,2025-09-09,Absent
A122,DBMS,2025-09-10,Present
A123,Math,2025-09-01,Present
A123,Math,2025-09-02,Absent
A123,Math,2025-09-03,Absent
A123,Math,2025-09-04,Absent
A123,Math,2025-09-05,Absent
A123,Math,2025-09-06,Present
A123,Math,2025-09-07,Absent
A123,Math,2025-09-08,Absent
A123,Math,2025-09-09,Present
A123,Math,2025-09-10,Absent
A123,OS,2025-09-01,Present
A123,OS,2025-09-02,Absent
A123,OS,2025-09-03,Present
A123,OS,2025-09-04,Present
A123,OS,2025-09-05,Present
A123,OS,2025-09-06,Absent
A123,OS,2025-09-07,Absent
A123,OS,2025-09-08,Absent
A123,OS,2025-09-09,Absent
A123,OS,2025-09-10,Absent
A123,DBMS,2025-09-01,Absent
A123,DBMS,2025-09-02,Absent
A123,DBMS,2025-09-03,Present
A123,DBMS,2025-09-04,Present
A123,DBMS,2025-09-05,Absent
A123,DBMS,2025-09-06,Absent
A123,DBMS,2025-09-07,Absent
A123,DBMS,2025-09-08,Present
A123,DBMS,2025-09-09,Absent
A123,DBMS,2025-09-10,Absent
A124,Math,2025-09-01,Absent
A124,Math,2025-09-02,Present
A124,Math,2025-09-03,Present
A124,Math,2025-09-04,Present
A124,Math,2025-09-05,Absent
A124,Math,2025-09-06,Absent
A124,Math,2025-09-07,Absent
A124,Math,2025-09-08,Present
A124,Math,2025-09-09,Absent
A124,Math,2025-09-10,Present
A124,OS,2025-09-01,Absent
A124,OS,2025-09-02,Absent
A124,OS,2025-09-03,Absent
A124,OS,2025-09-04,Present
A124,OS,2025-09-05,Present
A124,OS,2025-09-06,Absent
A124,OS,2025-09-07,Absent
A124,OS,2025-09-08,Absent
A124,OS,2025-09-09,Present
A124,OS,2025-09-10,Present
A124,DBMS,2025-09-01,Present
A124,DBMS,2025-09-02,Present
A124,DBMS,2025-09-03,Present
A124,DBMS,2025-09-04,Present
A124,DBMS,2025-09-05,Present
A124,DBMS,2025-09-06,Present
A124,DBMS,2025-09-07,Absent
A124,DBMS,2025-09-08,Absent
A124,DBMS,2025-09-09,Absent
A124,DBMS,2025-09-10,Absent
A125,Math,2025-09-01,Present
A125,Math,2025-09-02,Present
A125,Math,2025-09-03,Absent
A125,Math,2025-09-04,Absent
A125,Math,2025-09-05,Present
A125,Math,2025-09-06,Present
A125,Math,2025-09-07,Present
A125,Math,2025-09-08,Absent
A125,Math,2025-09-09,Absent
A125,Math,2025-09-10,Present
A125,OS,2025-09-01,Absent
A125,OS,2025-09-02,Absent
A125,OS,2025-09-03,Present
A125,OS,2025-09-04,Absent
A125,OS,2025-09-05,Present
A125,OS,2025-09-06,Present
A125,OS,2025-09-07,Present
A125,OS,2025-09-08,Present
A125,OS,2025-09-09,Absent
A125,OS,2025-09-10,Present
A125,DBMS,2025-09-01,Absent
A125,DBMS,2025-09-02,Present
A125,DBMS,2025-09-03,Absent
A125,DBMS,2025-09-04,Present
A125,DBMS,2025-09-05,Absent
A125,DBMS,2025-09-06,Present
A125,DBMS,2025-09-07,Present
A125,DBMS,2025-09-08,Absent
A125,DBMS,2025-09-09,Absent
A125,DBMS,2025-09-10,Present
A126,Math,2025-09-01,Absent
A126,Math,2025-09-02,Present
A126,Math,2025-09-03,Absent
A126,Math,2025-09-04,Present
A126,Math,2025-09-05,Absent
A126,Math,2025-09-06,Absent
A126,Math,2025-09-07,Present
A126,Math,2025-09-08,Absent
A126,Math,2025-09-09,Present
A126,Math,2025-09-10,Absent
A126,OS,2025-09-01,Present
A126,OS,2025-09-02,Absent
A126,OS,2025-09-03,Absent
A126,OS,2025-09-04,Absent
A126,OS,2025-09-05,Present
A126,OS,2025-09-06,Absent
A126,OS,2025-09-07,Absent
A126,OS,2025-09-08,Absent
A126,OS,2025-09-09,Present
A126,OS,2025-09-10,Present
A126,DBMS,2025-09-01,Absent
A126,DBMS,2025-09-02,Absent
A126,DBMS,2025-09-03,Present
A126,DBMS,2025-09-04,Absent
A126,DBMS,2025-09-05,Present
A126,DBMS,2025-09-06,Absent
A126,DBMS,2025-09-07,Present
A126,DBMS,2025-09-08,Present
A126,DBMS,2025-09-09,Present
A126,DBMS,2025-09-10,Present
A127,Math,2025-09-01,Present
A127,Math,2025-09-02,Present
A127,Math,2025-09-03,Present
A127,Math,2025-09-04,Absent
A127,Math,2025-09-05,Present
A127,Math,2025-09-06,Present
A127,Math,2025-09-07,Present
A127,Math,2025-09-08,Absent
A127,Math,2025-09-09,Absent
A127,Math,2025-09-10,Absent
A127,OS,2025-09-01,Absent
A127,OS,2025-09-02,Present
A127,OS,2025-09-03,Present
A127,OS,2025-09-04,Present
A127,OS,2025-09-05,Absent
A127,OS,2025-09-06,Absent
A127,OS,2025-09-07,Absent
A127,OS,2025-09-08,Absent
A127,OS,2025-09-09,Absent
A127,OS,2025-09-10,Absent
A127,DBMS,2025-09-01,Absent
A127,DBMS,2025-09-02,Present
A127,DBMS,2025-09-03,Absent
A127,DBMS,2025-09-04,Present
A127,DBMS,2025-09-05,Absent
A127,DBMS,2025-09-06,Absent
A127,DBMS,2025-09-07,Present
A127,DBMS,2025-09-08,Absent
A127,DBMS,2025-09-09,Present
A127,DBMS,2025-09-10,Present
A128,Math,2025-09-01,Present
A128,Math,2025-09-02,Absent
A128,Math,2025-09-03,Absent
A128,Math,2025-09-04,Absent
A128,Math,2025-09-05,Present
A128,Math,2025-09-06,Absent
A128,Math,2025-09-07,Present
A128,Math,2025-09-08,Absent
A128,Math,2025-09-09,Present
A128,Math,2025-09-10,Absent
A128,OS,2025-09-01,Absent
A128,OS,2025-09-02,Present
A128,OS,2025-09-03,Present
A128,OS,2025-09-04,Present
A128,OS,2025-09-05,Present
A128,OS,2025-09-06,Present
A128,OS,2025-09-07,Present
A128,OS,2025-09-08,Present
A128,OS,2025-09-09,Absent
A128,OS,2025-09-10,Absent
A128,DBMS,2025-09-01,Present
A128,DBMS,2025-09-02,Present
A128,DBMS,2025-09-03,Absent
A128,DBMS,2025-09-04,Present
A128,DBMS,2025-09-05,Absent
A128,DBMS,2025-09-06,Present
A128,DBMS,2025-09-07,Absent
A128,DBMS,2025-09-08,Present
A128,DBMS,2025-09-09,Absent
A128,DBMS,2025-09-10,Present
A129,Math,2025-09-01,Absent
A129,Math,2025-09-02,Present
A129,Math,2025-09-03,Absent
A129,Math,2025-09-04,Present
A129,Math,2025-09-05,Present
A129,Math,2025-09-06,Absent
A129,Math,2025-09-07,Present
A129,Math,2025-09-08,Present
A129,Math,2025-09-09,Present
A129,Math,2025-09-10,Present
A129,OS,2025-09-01,Absent
A129,OS,2025-09-02,Absent
A129,OS,2025-09-03,Absent
A129,OS,2025-09-04,Present
A129,OS,2025-09-05,Present
A129,OS,2025-09-06,Absent
A129,OS,2025-09-07,Absent
A129,OS,2025-09-08,Present
A129,OS,2025-09-09,Absent
A129,OS,2025-09-10,Absent
A129,DBMS,2025-09-01,Absent
A129,DBMS,2025-09-02,Present
A129,DBMS,2025-09-03,Present
A129,DBMS,2025-09-04,Absent
A129,DBMS,2025-09-05,Present
A129,DBMS,2025-09-06,Present
A129,DBMS,2025-09-07,Present
A129,DBMS,2025-09-08,Absent
A129,DBMS,2025-09-09,Absent
A129,DBMS,2025-09-10,Absent
A130,Math,2025-09-01,Absent
A130,Math,2025-09-02,Present
A130,Math,2025-09-03,Absent
A130,Math,2025-09-04,Absent
A130,Math,2025-09-05,Present
A130,Math,2025-09-06,Present
A130,Math,2025-09-07,Absent
A130,Math,2025-09-08,Present
A130,Math,2025-09-09,Present
A130,Math,2025-09-10,Present
A130,OS,2025-09-01,Absent
A130,OS,2025-09-02,Absent
A130,OS,2025-09-03,Absent
A130,OS,2025-09-04,Absent
A130,OS,2025-09-05,Absent
A130,OS,2025-09-06,Absent
A130,OS,2025-09-07,Present
A130,OS,2025-09-08,Absent
A130,OS,2025-09-09,Absent
A130,OS,2025-09-10,Present
A130,DBMS,2025-09-01,Present
A130,DBMS,2025-09-02,Absent
A130,DBMS,2025-09-03,Present
A130,DBMS,2025-09-04,Absent
A130,DBMS,2025-09-05,Absent
A130,DBMS,2025-09-06,Present
A130,DBMS,2025-09-07,Present
A130,DBMS,2025-09-08,Absent
A130,DBMS,2025-09-09,Absent
A130,DBMS,2025-09-10,Absent
